Workbook

Sheet Dashboard
A1: Recruitment Dashboard
A2: All figures are formulas linked to the Candidates sheet. Data is synthetic.
A4: Screening SLA (days) | B4: 5 | C4: Edit B4: screening delays longer than this are highlighted on the Candidates sheet.
A5: Total candidates | B5: =COUNTA(Candidates!$A$2:$A$500) -> 120
A6: Active (In Progress) | B6: =COUNTIF(Candidates!$L$2:$L$500,"In Progress") -> 40
A7: Avg days to screen | B7: =IFERROR(AVERAGE(Candidates!$O$2:$O$500),0) -> 4.8205128
A8: Avg days to offer | B8: =IFERROR(AVERAGE(Candidates!$P$2:$P$500),0) -> 15.352941
A9: % screened within SLA | B9: =IFERROR(COUNTIFS(Candidates!$O$2:$O$500,"<="&B4)/COUNT(Candidates!$O$2:$O$500),0) -> 0.6025641
A11: Hiring funnel (reached at least this stage)
A12: Stage | B12: Stage # | C12: Candidates | D12: Step conversion | E12: Overall conversion
A13: Applied | B13: 1 | C13: =COUNTIF(Candidates!$N$2:$N$500,">="&B13) -> 120 | E13: =IFERROR(C13/C$13,0) -> 1
A14: Screened | B14: 2 | C14: =COUNTIF(Candidates!$N$2:$N$500,">="&B14) -> 78 | D14: =IFERROR(C14/C13,0) -> 0.65 | E14: =IFERROR(C14/C$13,0) -> 0.65
A15: Interviewed | B15: 3 | C15: =COUNTIF(Candidates!$N$2:$N$500,">="&B15) -> 47 | D15: =IFERROR(C15/C14,0) -> 0.6025641 | E15: =IFERROR(C15/C$13,0) -> 0.39166667
A16: Offered | B16: 4 | C16: =COUNTIF(Candidates!$N$2:$N$500,">="&B16) -> 17 | D16: =IFERROR(C16/C15,0) -> 0.36170213 | E16: =IFERROR(C16/C$13,0) -> 0.14166667
A17: Joined | B17: 5 | C17: =COUNTIF(Candidates!$N$2:$N$500,">="&B17) -> 6 | D17: =IFERROR(C17/C16,0) -> 0.35294118 | E17: =IFERROR(C17/C$13,0) -> 0.05
A20: Sourcing channel effectiveness
A21: Source | B21: Applicants | C21: Interviewed+ | D21: Offered+ | E21: Joined | F21: Interview rate | G21: Offer rate
A22: LinkedIn | B22: =COUNTIF(Candidates!$E$2:$E$500,A22) -> 35 | C22: =COUNTIFS(Candidates!$E$2:$E$500,A22,Candidates!$N$2:$N$500,">=3") -> 15 | D22: =COUNTIFS(Candidates!$E$2:$E$500,A22,Candidates!$N$2:$N$500,">=4") -> 4 | E22: =COUNTIFS(Candidates!$E$2:$E$500,A22,Candidates!$L$2:$L$500,"Joined") -> 1 | F22: =IFERROR(C22/B22,0) -> 0.42857143 | G22: =IFERROR(D22/B22,0) -> 0.11428571
A23: Job Portal | B23: =COUNTIF(Candidates!$E$2:$E$500,A23) -> 23 | C23: =COUNTIFS(Candidates!$E$2:$E$500,A23,Candidates!$N$2:$N$500,">=3") -> 10 | D23: =COUNTIFS(Candidates!$E$2:$E$500,A23,Candidates!$N$2:$N$500,">=4") -> 4 | E23: =COUNTIFS(Candidates!$E$2:$E$500,A23,Candidates!$L$2:$L$500,"Joined") -> 1 | F23: =IFERROR(C23/B23,0) -> 0.43478261 | G23: =IFERROR(D23/B23,0) -> 0.17391304
A24: Employee Referral | B24: =COUNTIF(Candidates!$E$2:$E$500,A24) -> 24 | C24: =COUNTIFS(Candidates!$E$2:$E$500,A24,Candidates!$N$2:$N$500,">=3") -> 10 | D24: =COUNTIFS(Candidates!$E$2:$E$500,A24,Candidates!$N$2:$N$500,">=4") -> 3 | E24: =COUNTIFS(Candidates!$E$2:$E$500,A24,Candidates!$L$2:$L$500,"Joined") -> 1 | F24: =IFERROR(C24/B24,0) -> 0.41666667 | G24: =IFERROR(D24/B24,0) -> 0.125
A25: Campus Drive | B25: =COUNTIF(Candidates!$E$2:$E$500,A25) -> 16 | C25: =COUNTIFS(Candidates!$E$2:$E$500,A25,Candidates!$N$2:$N$500,">=3") -> 3 | D25: =COUNTIFS(Candidates!$E$2:$E$500,A25,Candidates!$N$2:$N$500,">=4") -> 2 | E25: =COUNTIFS(Candidates!$E$2:$E$500,A25,Candidates!$L$2:$L$500,"Joined") -> 1 | F25: =IFERROR(C25/B25,0) -> 0.1875 | G25: =IFERROR(D25/B25,0) -> 0.125
A26: Company Website | B26: =COUNTIF(Candidates!$E$2:$E$500,A26) -> 22 | C26: =COUNTIFS(Candidates!$E$2:$E$500,A26,Candidates!$N$2:$N$500,">=3") -> 9 | D26: =COUNTIFS(Candidates!$E$2:$E$500,A26,Candidates!$N$2:$N$500,">=4") -> 4 | E26: =COUNTIFS(Candidates!$E$2:$E$500,A26,Candidates!$L$2:$L$500,"Joined") -> 2 | F26: =IFERROR(C26/B26,0) -> 0.40909091 | G26: =IFERROR(D26/B26,0) -> 0.18181818
A29: Outcome by role
A30: Role | B30: Applicants | C30: In Progress | D30: Rejected | E30: Withdrawn | F30: Joined
A31: Data Analyst Intern | B31: =COUNTIF(Candidates!$D$2:$D$500,A31) -> 16 | C31: =COUNTIFS(Candidates!$D$2:$D$500,$A31,Candidates!$L$2:$L$500,"In Progress") -> 7 | D31: =COUNTIFS(Candidates!$D$2:$D$500,$A31,Candidates!$L$2:$L$500,"Rejected") -> 9 | E31: =COUNTIFS(Candidates!$D$2:$D$500,$A31,Candidates!$L$2:$L$500,"Withdrawn") -> 0 | F31: =COUNTIFS(Candidates!$D$2:$D$500,$A31,Candidates!$L$2:$L$500,"Joined") -> 0
A32: Software Engineering Intern | B32: =COUNTIF(Candidates!$D$2:$D$500,A32) -> 25 | C32: =COUNTIFS(Candidates!$D$2:$D$500,$A32,Candidates!$L$2:$L$500,"In Progress") -> 4 | D32: =COUNTIFS(Candidates!$D$2:$D$500,$A32,Candidates!$L$2:$L$500,"Rejected") -> 16 | E32: =COUNTIFS(Candidates!$D$2:$D$500,$A32,Candidates!$L$2:$L$500,"Withdrawn") -> 3 | F32: =COUNTIFS(Candidates!$D$2:$D$500,$A32,Candidates!$L$2:$L$500,"Joined") -> 2
A33: Marketing Intern | B33: =COUNTIF(Candidates!$D$2:$D$500,A33) -> 20 | C33: =COUNTIFS(Candidates!$D$2:$D$500,$A33,Candidates!$L$2:$L$500,"In Progress") -> 5 | D33: =COUNTIFS(Candidates!$D$2:$D$500,$A33,Candidates!$L$2:$L$500,"Rejected") -> 9 | E33: =COUNTIFS(Candidates!$D$2:$D$500,$A33,Candidates!$L$2:$L$500,"Withdrawn") -> 5 | F33: =COUNTIFS(Candidates!$D$2:$D$500,$A33,Candidates!$L$2:$L$500,"Joined") -> 1
A34: Operations Intern | B34: =COUNTIF(Candidates!$D$2:$D$500,A34) -> 33 | C34: =COUNTIFS(Candidates!$D$2:$D$500,$A34,Candidates!$L$2:$L$500,"In Progress") -> 17 | D34: =COUNTIFS(Candidates!$D$2:$D$500,$A34,Candidates!$L$2:$L$500,"Rejected") -> 14 | E34: =COUNTIFS(Candidates!$D$2:$D$500,$A34,Candidates!$L$2:$L$500,"Withdrawn") -> 1 | F34: =COUNTIFS(Candidates!$D$2:$D$500,$A34,Candidates!$L$2:$L$500,"Joined") -> 1
A35: Finance Intern | B35: =COUNTIF(Candidates!$D$2:$D$500,A35) -> 26 | C35: =COUNTIFS(Candidates!$D$2:$D$500,$A35,Candidates!$L$2:$L$500,"In Progress") -> 7 | D35: =COUNTIFS(Candidates!$D$2:$D$500,$A35,Candidates!$L$2:$L$500,"Rejected") -> 13 | E35: =COUNTIFS(Candidates!$D$2:$D$500,$A35,Candidates!$L$2:$L$500,"Withdrawn") -> 4 | F35: =COUNTIFS(Candidates!$D$2:$D$500,$A35,Candidates!$L$2:$L$500,"Joined") -> 2

Sheet Candidates
A1: Candidate ID | B1: Name | C1: Email | D1: Role | E1: Source | F1: Recruiter | G1: Applied Date | H1: Screening Date | I1: Interview Date | J1: Offer Date | K1: Stage | L1: Outcome | M1: Notes | N1: Stage # | O1: Days to Screen | P1: Days to Offer
A2: C0001 | B2: Meera Sharma | C2: meera.sharma.1@example.com | D2: Finance Intern | E2: LinkedIn | F2: Recruiter B | G2: 46205 | H2: 46209 | I2: 46213 | K2: Interviewed | L2: Rejected | N2: =IFERROR(MATCH(K2,Lists!$A$2:$A$6,0),"") -> 3 | O2: =IF(OR(G2="",H2=""),"",H2-G2) -> 4 | P2: =IF(OR(G2="",J2=""),"",J2-G2)
A3: C0002 | B3: Diya Sharma | C3: diya.sharma.2@example.com | D3: Data Analyst Intern | E3: Employee Referral | F3: Recruiter C | G3: 46203 | K3: Applied | L3: Rejected | N3: =IFERROR(MATCH(K3,Lists!$A$2:$A$6,0),"") -> 1 | O3: =IF(OR(G3="",H3=""),"",H3-G3) | P3: =IF(OR(G3="",J3=""),"",J3-G3)
A4: C0003 | B4: Mira Nair | C4: mira.nair.3@example.com | D4: Data Analyst Intern | E4: Campus Drive | F4: Recruiter A | G4: 46249 | K4: Applied | L4: In Progress | N4: =IFERROR(MATCH(K4,Lists!$A$2:$A$6,0),"") -> 1 | O4: =IF(OR(G4="",H4=""),"",H4-G4) | P4: =IF(OR(G4="",J4=""),"",J4-G4)
A5: C0004 | B5: Riya Iyer | C5: riya.iyer.4@example.com | D5: Marketing Intern | E5: LinkedIn | F5: Recruiter B | G5: 46201 | K5: Applied | L5: Withdrawn | N5: =IFERROR(MATCH(K5,Lists!$A$2:$A$6,0),"") -> 1 | O5: =IF(OR(G5="",H5=""),"",H5-G5) | P5: =IF(OR(G5="",J5=""),"",J5-G5)
A6: C0005 | B6: Meera Iyer | C6: meera.iyer.5@example.com | D6: Operations Intern | E6: LinkedIn | F6: Recruiter B | G6: 46207 | H6: 46208 | I6: 46217 | J6: 46223 | K6: Offered | L6: In Progress | N6: =IFERROR(MATCH(K6,Lists!$A$2:$A$6,0),"") -> 4 | O6: =IF(OR(G6="",H6=""),"",H6-G6) -> 1 | P6: =IF(OR(G6="",J6=""),"",J6-G6) -> 16
A7: C0006 | B7: Zoya Chopra | C7: zoya.chopra.6@example.com | D7: Marketing Intern | E7: Company Website | F7: Recruiter A | G7: 46247 | H7: 46251 | I7: 46254 | J7: 46256 | K7: Offered | L7: Rejected | N7: =IFERROR(MATCH(K7,Lists!$A$2:$A$6,0),"") -> 4 | O7: =IF(OR(G7="",H7=""),"",H7-G7) -> 4 | P7: =IF(OR(G7="",J7=""),"",J7-G7) -> 9
A8: C0007 | B8: Meera Nair | C8: meera.nair.7@example.com | D8: Marketing Intern | E8: LinkedIn | F8: Recruiter B | G8: 46220 | K8: Applied | L8: In Progress | N8: =IFERROR(MATCH(K8,Lists!$A$2:$A$6,0),"") -> 1 | O8: =IF(OR(G8="",H8=""),"",H8-G8) | P8: =IF(OR(G8="",J8=""),"",J8-G8)
A9: C0008 | B9: Kabir Rao | C9: kabir.rao.8@example.com | D9: Marketing Intern | E9: Company Website | F9: Recruiter C | G9: 46242 | H9: 46246 | I9: 46250 | K9: Interviewed | L9: Rejected | N9: =IFERROR(MATCH(K9,Lists!$A$2:$A$6,0),"") -> 3 | O9: =IF(OR(G9="",H9=""),"",H9-G9) -> 4 | P9: =IF(OR(G9="",J9=""),"",J9-G9)
A10: C0009 | B10: Mira Mehta | C10: mira.mehta.9@example.com | D10: Operations Intern | E10: LinkedIn | F10: Recruiter A | G10: 46181 | H10: 46185 | I10: 46187 | K10: Interviewed | L10: Rejected | N10: =IFERROR(MATCH(K10,Lists!$A$2:$A$6,0),"") -> 3 | O10: =IF(OR(G10="",H10=""),"",H10-G10) -> 4 | P10: =IF(OR(G10="",J10=""),"",J10-G10)
A11: C0010 | B11: Aditya Chopra | C11: aditya.chopra.10@example.com | D11: Operations Intern | E11: LinkedIn | F11: Recruiter A | G11: 46201 | H11: 46209 | I11: 46217 | K11: Interviewed | L11: Rejected | N11: =IFERROR(MATCH(K11,Lists!$A$2:$A$6,0),"") -> 3 | O11: =IF(OR(G11="",H11=""),"",H11-G11) -> 8 | P11: =IF(OR(G11="",J11=""),"",J11-G11)
A12: C0011 | B12: Anaya Joshi | C12: anaya.joshi.11@example.com | D12: Operations Intern | E12: Job Portal | F12: Recruiter A | G12: 46207 | H12: 46214 | K12: Screened | L12: Rejected | N12: =IFERROR(MATCH(K12,Lists!$A$2:$A$6,0),"") -> 2 | O12: =IF(OR(G12="",H12=""),"",H12-G12) -> 7 | P12: =IF(OR(G12="",J12=""),"",J12-G12)
A13: C0012 | B13: Ishaan Khanna | C13: ishaan.khanna.12@example.com | D13: Software Engineering Intern | E13: Employee Referral | F13: Recruiter C | G13: 46180 | K13: Applied | L13: Rejected | N13: =IFERROR(MATCH(K13,Lists!$A$2:$A$6,0),"") -> 1 | O13: =IF(OR(G13="",H13=""),"",H13-G13) | P13: =IF(OR(G13="",J13=""),"",J13-G13)
A14: C0013 | B14: Riya Rao | C14: riya.rao.13@example.com | D14: Operations Intern | E14: Job Portal | F14: Recruiter C | G14: 46222 | K14: Applied | L14: Rejected | N14: =IFERROR(MATCH(K14,Lists!$A$2:$A$6,0),"") -> 1 | O14: =IF(OR(G14="",H14=""),"",H14-G14) | P14: =IF(OR(G14="",J14=""),"",J14-G14)
A15: C0014 | B15: Aarav Malik | C15: aarav.malik.14@example.com | D15: Operations Intern | E15: LinkedIn | F15: Recruiter A | G15: 46242 | H15: 46247 | I15: 46254 | K15: Interviewed | L15: In Progress | N15: =IFERROR(MATCH(K15,Lists!$A$2:$A$6,0),"") -> 3 | O15: =IF(OR(G15="",H15=""),"",H15-G15) -> 5 | P15: =IF(OR(G15="",J15=""),"",J15-G15)
A16: C0015 | B16: Arjun Bose | C16: arjun.bose.15@example.com | D16: Finance Intern | E16: Employee Referral | F16: Recruiter A | G16: 46238 | H16: 46240 | I16: 46246 | K16: Interviewed | L16: Rejected | N16: =IFERROR(MATCH(K16,Lists!$A$2:$A$6,0),"") -> 3 | O16: =IF(OR(G16="",H16=""),"",H16-G16) -> 2 | P16: =IF(OR(G16="",J16=""),"",J16-G16)
A17: C0016 | B17: Tara Kapoor | C17: tara.kapoor.16@example.com | D17: Finance Intern | E17: Job Portal | F17: Recruiter A | G17: 46241 | K17: Applied | L17: Withdrawn | N17: =IFERROR(MATCH(K17,Lists!$A$2:$A$6,0),"") -> 1 | O17: =IF(OR(G17="",H17=""),"",H17-G17) | P17: =IF(OR(G17="",J17=""),"",J17-G17)
A18: C0017 | B18: Meera Chopra | C18: meera.chopra.17@example.com | D18: Finance Intern | E18: Company Website | F18: Recruiter A | G18: 46213 | H18: 46217 | K18: Screened | L18: In Progress | N18: =IFERROR(MATCH(K18,Lists!$A$2:$A$6,0),"") -> 2 | O18: =IF(OR(G18="",H18=""),"",H18-G18) -> 4 | P18: =IF(OR(G18="",J18=""),"",J18-G18)
A19: C0018 | B19: Kiara Reddy | C19: kiara.reddy.18@example.com | D19: Software Engineering Intern | E19: Employee Referral | F19: Recruiter C | G19: 46242 | K19: Applied | L19: Rejected | N19: =IFERROR(MATCH(K19,Lists!$A$2:$A$6,0),"") -> 1 | O19: =IF(OR(G19="",H19=""),"",H19-G19) | P19: =IF(OR(G19="",J19=""),"",J19-G19)
A20: C0019 | B20: Isha Singh | C20: isha.singh.19@example.com | D20: Software Engineering Intern | E20: Campus Drive | F20: Recruiter B | G20: 46228 | H20: 46232 | K20: Screened | L20: Withdrawn | N20: =IFERROR(MATCH(K20,Lists!$A$2:$A$6,0),"") -> 2 | O20: =IF(OR(G20="",H20=""),"",H20-G20) -> 4 | P20: =IF(OR(G20="",J20=""),"",J20-G20)
A21: C0020 | B21: Tara Khanna | C21: tara.khanna.20@example.com | D21: Data Analyst Intern | E21: Employee Referral | F21: Recruiter A | G21: 46231 | H21: 46233 | I21: 46238 | J21: 46241 | K21: Offered | L21: In Progress | N21: =IFERROR(MATCH(K21,Lists!$A$2:$A$6,0),"") -> 4 | O21: =IF(OR(G21="",H21=""),"",H21-G21) -> 2 | P21: =IF(OR(G21="",J21=""),"",J21-G21) -> 10
A22: C0021 | B22: Aditya Mehta | C22: aditya.mehta.21@example.com | D22: Data Analyst Intern | E22: Company Website | F22: Recruiter A | G22: 46181 | K22: Applied | L22: In Progress | N22: =IFERROR(MATCH(K22,Lists!$A$2:$A$6,0),"") -> 1 | O22: =IF(OR(G22="",H22=""),"",H22-G22) | P22: =IF(OR(G22="",J22=""),"",J22-G22)
A23: C0022 | B23: Ishaan Mehta | C23: ishaan.mehta.22@example.com | D23: Software Engineering Intern | E23: Campus Drive | F23: Recruiter C | G23: 46236 | K23: Applied | L23: In Progress | N23: =IFERROR(MATCH(K23,Lists!$A$2:$A$6,0),"") -> 1 | O23: =IF(OR(G23="",H23=""),"",H23-G23) | P23: =IF(OR(G23="",J23=""),"",J23-G23)
A24: C0023 | B24: Aditya Khanna | C24: aditya.khanna.23@example.com | D24: Software Engineering Intern | E24: LinkedIn | F24: Recruiter C | G24: 46234 | K24: Applied | L24: Rejected | N24: =IFERROR(MATCH(K24,Lists!$A$2:$A$6,0),"") -> 1 | O24: =IF(OR(G24="",H24=""),"",H24-G24) | P24: =IF(OR(G24="",J24=""),"",J24-G24)
A25: C0024 | B25: Riya Iyer | C25: riya.iyer.24@example.com | D25: Data Analyst Intern | E25: LinkedIn | F25: Recruiter C | G25: 46233 | H25: 46234 | K25: Screened | L25: Rejected | N25: =IFERROR(MATCH(K25,Lists!$A$2:$A$6,0),"") -> 2 | O25: =IF(OR(G25="",H25=""),"",H25-G25) -> 1 | P25: =IF(OR(G25="",J25=""),"",J25-G25)
A26: C0025 | B26: Neel Kapoor | C26: neel.kapoor.25@example.com | D26: Operations Intern | E26: LinkedIn | F26: Recruiter B | G26: 46205 | H26: 46209 | I26: 46214 | J26: 46220 | K26: Offered | L26: In Progress | N26: =IFERROR(MATCH(K26,Lists!$A$2:$A$6,0),"") -> 4 | O26: =IF(OR(G26="",H26=""),"",H26-G26) -> 4 | P26: =IF(OR(G26="",J26=""),"",J26-G26) -> 15
A27: C0026 | B27: Anaya Reddy | C27: anaya.reddy.26@example.com | D27: Finance Intern | E27: Campus Drive | F27: Recruiter A | G27: 46230 | H27: 46232 | I27: 46234 | J27: 46241 | K27: Joined | L27: Joined | N27: =IFERROR(MATCH(K27,Lists!$A$2:$A$6,0),"") -> 5 | O27: =IF(OR(G27="",H27=""),"",H27-G27) -> 2 | P27: =IF(OR(G27="",J27=""),"",J27-G27) -> 11
A28: C0027 | B28: Anaya Gupta | C28: anaya.gupta.27@example.com | D28: Data Analyst Intern | E28: LinkedIn | F28: Recruiter A | G28: 46235 | H28: 46239 | K28: Screened | L28: Rejected | N28: =IFERROR(MATCH(K28,Lists!$A$2:$A$6,0),"") -> 2 | O28: =IF(OR(G28="",H28=""),"",H28-G28) -> 4 | P28: =IF(OR(G28="",J28=""),"",J28-G28)
A29: C0028 | B29: Yash Singh | C29: yash.singh.28@example.com | D29: Finance Intern | E29: Employee Referral | F29: Recruiter B | G29: 46232 | H29: 46237 | I29: 46245 | J29: 46252 | K29: Joined | L29: Joined | N29: =IFERROR(MATCH(K29,Lists!$A$2:$A$6,0),"") -> 5 | O29: =IF(OR(G29="",H29=""),"",H29-G29) -> 5 | P29: =IF(OR(G29="",J29=""),"",J29-G29) -> 20
A30: C0029 | B30: Rohan Mehta | C30: rohan.mehta.29@example.com | D30: Finance Intern | E30: LinkedIn | F30: Recruiter B | G30: 46181 | K30: Applied | L30: Rejected | N30: =IFERROR(MATCH(K30,Lists!$A$2:$A$6,0),"") -> 1 | O30: =IF(OR(G30="",H30=""),"",H30-G30) | P30: =IF(OR(G30="",J30=""),"",J30-G30)
A31: C0030 | B31: Diya Sharma | C31: diya.sharma.30@example.com | D31: Finance Intern | E31: LinkedIn | F31: Recruiter A | G31: 46238 | H31: 46241 | K31: Screened | L31: In Progress | N31: =IFERROR(MATCH(K31,Lists!$A$2:$A$6,0),"") -> 2 | O31: =IF(OR(G31="",H31=""),"",H31-G31) -> 3 | P31: =IF(OR(G31="",J31=""),"",J31-G31)
A32: C0031 | B32: Kabir Rao | C32: kabir.rao.31@example.com | D32: Finance Intern | E32: LinkedIn | F32: Recruiter C | G32: 46204 | K32: Applied | L32: Rejected | N32: =IFERROR(MATCH(K32,Lists!$A$2:$A$6,0),"") -> 1 | O32: =IF(OR(G32="",H32=""),"",H32-G32) | P32: =IF(OR(G32="",J32=""),"",J32-G32)
A33: C0032 | B33: Diya Rao | C33: diya.rao.32@example.com | D33: Marketing Intern | E33: Company Website | F33: Recruiter A | G33: 46248 | K33: Applied | L33: Rejected | N33: =IFERROR(MATCH(K33,Lists!$A$2:$A$6,0),"") -> 1 | O33: =IF(OR(G33="",H33=""),"",H33-G33) | P33: =IF(OR(G33="",J33=""),"",J33-G33)
A34: C0033 | B34: Neel Mehta | C34: neel.mehta.33@example.com | D34: Marketing Intern | E34: Job Portal | F34: Recruiter A | G34: 46190 | K34: Applied | L34: Rejected | N34: =IFERROR(MATCH(K34,Lists!$A$2:$A$6,0),"") -> 1 | O34: =IF(OR(G34="",H34=""),"",H34-G34) | P34: =IF(OR(G34="",J34=""),"",J34-G34)
A35: C0034 | B35: Aarav Khanna | C35: aarav.khanna.34@example.com | D35: Finance Intern | E35: LinkedIn | F35: Recruiter B | G35: 46246 | H35: 46248 | I35: 46251 | K35: Interviewed | L35: Rejected | N35: =IFERROR(MATCH(K35,Lists!$A$2:$A$6,0),"") -> 3 | O35: =IF(OR(G35="",H35=""),"",H35-G35) -> 2 | P35: =IF(OR(G35="",J35=""),"",J35-G35)
A36: C0035 | B36: Kabir Chopra | C36: kabir.chopra.35@example.com | D36: Finance Intern | E36: Campus Drive | F36: Recruiter C | G36: 46210 | K36: Applied | L36: In Progress | N36: =IFERROR(MATCH(K36,Lists!$A$2:$A$6,0),"") -> 1 | O36: =IF(OR(G36="",H36=""),"",H36-G36) | P36: =IF(OR(G36="",J36=""),"",J36-G36)
A37: C0036 | B37: Ishaan Sharma | C37: ishaan.sharma.36@example.com | D37: Software Engineering Intern | E37: LinkedIn | F37: Recruiter A | G37: 46244 | H37: 46249 | I37: 46252 | K37: Interviewed | L37: Withdrawn | N37: =IFERROR(MATCH(K37,Lists!$A$2:$A$6,0),"") -> 3 | O37: =IF(OR(G37="",H37=""),"",H37-G37) -> 5 | P37: =IF(OR(G37="",J37=""),"",J37-G37)
A38: C0037 | B38: Mira Gupta | C38: mira.gupta.37@example.com | D38: Software Engineering Intern | E38: Employee Referral | F38: Recruiter B | G38: 46200 | K38: Applied | L38: Rejected | N38: =IFERROR(MATCH(K38,Lists!$A$2:$A$6,0),"") -> 1 | O38: =IF(OR(G38="",H38=""),"",H38-G38) | P38: =IF(OR(G38="",J38=""),"",J38-G38)
A39: C0038 | B39: Ishaan Khanna | C39: ishaan.khanna.38@example.com | D39: Operations Intern | E39: Campus Drive | F39: Recruiter A | G39: 46180 | K39: Applied | L39: In Progress | N39: =IFERROR(MATCH(K39,Lists!$A$2:$A$6,0),"") -> 1 | O39: =IF(OR(G39="",H39=""),"",H39-G39) | P39: =IF(OR(G39="",J39=""),"",J39-G39)
A40: C0039 | B40: Aarav Iyer | C40: aarav.iyer.39@example.com | D40: Operations Intern | E40: Employee Referral | F40: Recruiter A | G40: 46207 | H40: 46210 | I40: 46219 | K40: Interviewed | L40: Rejected | N40: =IFERROR(MATCH(K40,Lists!$A$2:$A$6,0),"") -> 3 | O40: =IF(OR(G40="",H40=""),"",H40-G40) -> 3 | P40: =IF(OR(G40="",J40=""),"",J40-G40)
A41: C0040 | B41: Kabir Chopra | C41: kabir.chopra.40@example.com | D41: Software Engineering Intern | E41: Job Portal | F41: Recruiter A | G41: 46193 | H41: 46194 | I41: 46201 | K41: Interviewed | L41: Rejected | N41: =IFERROR(MATCH(K41,Lists!$A$2:$A$6,0),"") -> 3 | O41: =IF(OR(G41="",H41=""),"",H41-G41) -> 1 | P41: =IF(OR(G41="",J41=""),"",J41-G41)
A42: C0041 | B42: Sara Iyer | C42: sara.iyer.41@example.com | D42: Data Analyst Intern | E42: Job Portal | F42: Recruiter C | G42: 46179 | H42: 46185 | I42: 46190 | J42: 46197 | K42: Offered | L42: In Progress | N42: =IFERROR(MATCH(K42,Lists!$A$2:$A$6,0),"") -> 4 | O42: =IF(OR(G42="",H42=""),"",H42-G42) -> 6 | P42: =IF(OR(G42="",J42=""),"",J42-G42) -> 18
A43: C0042 | B43: Riya Rao | C43: riya.rao.42@example.com | D43: Data Analyst Intern | E43: LinkedIn | F43: Recruiter B | G43: 46204 | H43: 46207 | I43: 46211 | K43: Interviewed | L43: Rejected | N43: =IFERROR(MATCH(K43,Lists!$A$2:$A$6,0),"") -> 3 | O43: =IF(OR(G43="",H43=""),"",H43-G43) -> 3 | P43: =IF(OR(G43="",J43=""),"",J43-G43)
A44: C0043 | B44: Riya Kapoor | C44: riya.kapoor.43@example.com | D44: Data Analyst Intern | E44: Job Portal | F44: Recruiter A | G44: 46205 | H44: 46210 | I44: 46214 | K44: Interviewed | L44: Rejected | N44: =IFERROR(MATCH(K44,Lists!$A$2:$A$6,0),"") -> 3 | O44: =IF(OR(G44="",H44=""),"",H44-G44) -> 5 | P44: =IF(OR(G44="",J44=""),"",J44-G44)
A45: C0044 | B45: Kiara Mehta | C45: kiara.mehta.44@example.com | D45: Software Engineering Intern | E45: LinkedIn | F45: Recruiter C | G45: 46232 | K45: Applied | L45: In Progress | N45: =IFERROR(MATCH(K45,Lists!$A$2:$A$6,0),"") -> 1 | O45: =IF(OR(G45="",H45=""),"",H45-G45) | P45: =IF(OR(G45="",J45=""),"",J45-G45)
A46: C0045 | B46: Vivaan Nair | C46: vivaan.nair.45@example.com | D46: Finance Intern | E46: Job Portal | F46: Recruiter C | G46: 46182 | H46: 46187 | K46: Screened | L46: Rejected | N46: =IFERROR(MATCH(K46,Lists!$A$2:$A$6,0),"") -> 2 | O46: =IF(OR(G46="",H46=""),"",H46-G46) -> 5 | P46: =IF(OR(G46="",J46=""),"",J46-G46)
A47: C0046 | B47: Neel Sharma | C47: neel.sharma.46@example.com | D47: Marketing Intern | E47: LinkedIn | F47: Recruiter C | G47: 46207 | K47: Applied | L47: In Progress | N47: =IFERROR(MATCH(K47,Lists!$A$2:$A$6,0),"") -> 1 | O47: =IF(OR(G47="",H47=""),"",H47-G47) | P47: =IF(OR(G47="",J47=""),"",J47-G47)
A48: C0047 | B48: Riya Iyer | C48: riya.iyer.47@example.com | D48: Finance Intern | E48: LinkedIn | F48: Recruiter A | G48: 46214 | H48: 46221 | I48: 46224 | K48: Interviewed | L48: Rejected | N48: =IFERROR(MATCH(K48,Lists!$A$2:$A$6,0),"") -> 3 | O48: =IF(OR(G48="",H48=""),"",H48-G48) -> 7 | P48: =IF(OR(G48="",J48=""),"",J48-G48)
A49: C0048 | B49: Riya Sharma | C49: riya.sharma.48@example.com | D49: Data Analyst Intern | E49: Company Website | F49: Recruiter B | G49: 46242 | H49: 46246 | K49: Screened | L49: Rejected | N49: =IFERROR(MATCH(K49,Lists!$A$2:$A$6,0),"") -> 2 | O49: =IF(OR(G49="",H49=""),"",H49-G49) -> 4 | P49: =IF(OR(G49="",J49=""),"",J49-G49)
A50: C0049 | B50: Zoya Iyer | C50: zoya.iyer.49@example.com | D50: Marketing Intern | E50: Job Portal | F50: Recruiter B | G50: 46189 | H50: 46194 | I50: 46200 | K50: Interviewed | L50: Rejected | N50: =IFERROR(MATCH(K50,Lists!$A$2:$A$6,0),"") -> 3 | O50: =IF(OR(G50="",H50=""),"",H50-G50) -> 5 | P50: =IF(OR(G50="",J50=""),"",J50-G50)
A51: C0050 | B51: Mira Gupta | C51: mira.gupta.50@example.com | D51: Software Engineering Intern | E51: Employee Referral | F51: Recruiter B | G51: 46222 | K51: Applied | L51: Rejected | N51: =IFERROR(MATCH(K51,Lists!$A$2:$A$6,0),"") -> 1 | O51: =IF(OR(G51="",H51=""),"",H51-G51) | P51: =IF(OR(G51="",J51=""),"",J51-G51)
A52: C0051 | B52: Yash Bose | C52: yash.bose.51@example.com | D52: Finance Intern | E52: Employee Referral | F52: Recruiter B | G52: 46212 | H52: 46217 | I52: 46222 | J52: 46227 | K52: Offered | L52: Withdrawn | N52: =IFERROR(MATCH(K52,Lists!$A$2:$A$6,0),"") -> 4 | O52: =IF(OR(G52="",H52=""),"",H52-G52) -> 5 | P52: =IF(OR(G52="",J52=""),"",J52-G52) -> 15
A53: C0052 | B53: Dev Khanna | C53: dev.khanna.52@example.com | D53: Marketing Intern | E53: Job Portal | F53: Recruiter C | G53: 46239 | H53: 46247 | I53: 46251 | K53: Interviewed | L53: Rejected | N53: =IFERROR(MATCH(K53,Lists!$A$2:$A$6,0),"") -> 3 | O53: =IF(OR(G53="",H53=""),"",H53-G53) -> 8 | P53: =IF(OR(G53="",J53=""),"",J53-G53)
A54: C0053 | B54: Zoya Iyer | C54: zoya.iyer.53@example.com | D54: Software Engineering Intern | E54: Campus Drive | F54: Recruiter A | G54: 46204 | K54: Applied | L54: Rejected | N54: =IFERROR(MATCH(K54,Lists!$A$2:$A$6,0),"") -> 1 | O54: =IF(OR(G54="",H54=""),"",H54-G54) | P54: =IF(OR(G54="",J54=""),"",J54-G54)
A55: C0054 | B55: Aarav Sharma | C55: aarav.sharma.54@example.com | D55: Data Analyst Intern | E55: Job Portal | F55: Recruiter C | G55: 46234 | K55: Applied | L55: Rejected | N55: =IFERROR(MATCH(K55,Lists!$A$2:$A$6,0),"") -> 1 | O55: =IF(OR(G55="",H55=""),"",H55-G55) | P55: =IF(OR(G55="",J55=""),"",J55-G55)
A56: C0055 | B56: Aditya Mehta | C56: aditya.mehta.55@example.com | D56: Data Analyst Intern | E56: Company Website | F56: Recruiter A | G56: 46223 | H56: 46231 | I56: 46239 | K56: Interviewed | L56: In Progress | N56: =IFERROR(MATCH(K56,Lists!$A$2:$A$6,0),"") -> 3 | O56: =IF(OR(G56="",H56=""),"",H56-G56) -> 8 | P56: =IF(OR(G56="",J56=""),"",J56-G56)
A57: C0056 | B57: Riya Mehta | C57: riya.mehta.56@example.com | D57: Finance Intern | E57: LinkedIn | F57: Recruiter A | G57: 46240 | K57: Applied | L57: Rejected | N57: =IFERROR(MATCH(K57,Lists!$A$2:$A$6,0),"") -> 1 | O57: =IF(OR(G57="",H57=""),"",H57-G57) | P57: =IF(OR(G57="",J57=""),"",J57-G57)
A58: C0057 | B58: Dev Gupta | C58: dev.gupta.57@example.com | D58: Finance Intern | E58: Job Portal | F58: Recruiter C | G58: 46241 | H58: 46247 | I58: 46256 | K58: Interviewed | L58: Rejected | N58: =IFERROR(MATCH(K58,Lists!$A$2:$A$6,0),"") -> 3 | O58: =IF(OR(G58="",H58=""),"",H58-G58) -> 6 | P58: =IF(OR(G58="",J58=""),"",J58-G58)
A59: C0058 | B59: Dev Chopra | C59: dev.chopra.58@example.com | D59: Software Engineering Intern | E59: Campus Drive | F59: Recruiter B | G59: 46234 | K59: Applied | L59: Rejected | N59: =IFERROR(MATCH(K59,Lists!$A$2:$A$6,0),"") -> 1 | O59: =IF(OR(G59="",H59=""),"",H59-G59) | P59: =IF(OR(G59="",J59=""),"",J59-G59)
A60: C0059 | B60: Ishaan Khanna | C60: ishaan.khanna.59@example.com | D60: Software Engineering Intern | E60: LinkedIn | F60: Recruiter B | G60: 46209 | H60: 46217 | I60: 46220 | K60: Interviewed | L60: Rejected | N60: =IFERROR(MATCH(K60,Lists!$A$2:$A$6,0),"") -> 3 | O60: =IF(OR(G60="",H60=""),"",H60-G60) -> 8 | P60: =IF(OR(G60="",J60=""),"",J60-G60)
A61: C0060 | B61: Mira Verma | C61: mira.verma.60@example.com | D61: Software Engineering Intern | E61: Campus Drive | F61: Recruiter A | G61: 46203 | K61: Applied | L61: Rejected | N61: =IFERROR(MATCH(K61,Lists!$A$2:$A$6,0),"") -> 1 | O61: =IF(OR(G61="",H61=""),"",H61-G61) | P61: =IF(OR(G61="",J61=""),"",J61-G61)
A62: C0061 | B62: Riya Nair | C62: riya.nair.61@example.com | D62: Operations Intern | E62: Job Portal | F62: Recruiter C | G62: 46233 | H62: 46240 | K62: Screened | L62: In Progress | N62: =IFERROR(MATCH(K62,Lists!$A$2:$A$6,0),"") -> 2 | O62: =IF(OR(G62="",H62=""),"",H62-G62) -> 7 | P62: =IF(OR(G62="",J62=""),"",J62-G62)
A63: C0062 | B63: Aarav Reddy | C63: aarav.reddy.62@example.com | D63: Marketing Intern | E63: Campus Drive | F63: Recruiter B | G63: 46247 | H63: 46254 | I63: 46263 | J63: 46265 | K63: Offered | L63: Withdrawn | N63: =IFERROR(MATCH(K63,Lists!$A$2:$A$6,0),"") -> 4 | O63: =IF(OR(G63="",H63=""),"",H63-G63) -> 7 | P63: =IF(OR(G63="",J63=""),"",J63-G63) -> 18
A64: C0063 | B64: Mira Joshi | C64: mira.joshi.63@example.com | D64: Operations Intern | E64: LinkedIn | F64: Recruiter B | G64: 46202 | H64: 46210 | I64: 46215 | K64: Interviewed | L64: In Progress | N64: =IFERROR(MATCH(K64,Lists!$A$2:$A$6,0),"") -> 3 | O64: =IF(OR(G64="",H64=""),"",H64-G64) -> 8 | P64: =IF(OR(G64="",J64=""),"",J64-G64)
A65: C0064 | B65: Yash Joshi | C65: yash.joshi.64@example.com | D65: Finance Intern | E65: Job Portal | F65: Recruiter B | G65: 46233 | K65: Applied | L65: Withdrawn | N65: =IFERROR(MATCH(K65,Lists!$A$2:$A$6,0),"") -> 1 | O65: =IF(OR(G65="",H65=""),"",H65-G65) | P65: =IF(OR(G65="",J65=""),"",J65-G65)
A66: C0065 | B66: Aditya Rao | C66: aditya.rao.65@example.com | D66: Software Engineering Intern | E66: LinkedIn | F66: Recruiter B | G66: 46184 | H66: 46191 | I66: 46195 | K66: Interviewed | L66: Rejected | N66: =IFERROR(MATCH(K66,Lists!$A$2:$A$6,0),"") -> 3 | O66: =IF(OR(G66="",H66=""),"",H66-G66) -> 7 | P66: =IF(OR(G66="",J66=""),"",J66-G66)
A67: C0066 | B67: Neel Mehta | C67: neel.mehta.66@example.com | D67: Operations Intern | E67: LinkedIn | F67: Recruiter A | G67: 46217 | H67: 46224 | K67: Screened | L67: In Progress | N67: =IFERROR(MATCH(K67,Lists!$A$2:$A$6,0),"") -> 2 | O67: =IF(OR(G67="",H67=""),"",H67-G67) -> 7 | P67: =IF(OR(G67="",J67=""),"",J67-G67)
A68: C0067 | B68: Kiara Sharma | C68: kiara.sharma.67@example.com | D68: Data Analyst Intern | E68: Campus Drive | F68: Recruiter A | G68: 46180 | H68: 46186 | I68: 46191 | K68: Interviewed | L68: Rejected | N68: =IFERROR(MATCH(K68,Lists!$A$2:$A$6,0),"") -> 3 | O68: =IF(OR(G68="",H68=""),"",H68-G68) -> 6 | P68: =IF(OR(G68="",J68=""),"",J68-G68)
A69: C0068 | B69: Vivaan Reddy | C69: vivaan.reddy.68@example.com | D69: Operations Intern | E69: Employee Referral | F69: Recruiter C | G69: 46193 | K69: Applied | L69: In Progress | N69: =IFERROR(MATCH(K69,Lists!$A$2:$A$6,0),"") -> 1 | O69: =IF(OR(G69="",H69=""),"",H69-G69) | P69: =IF(OR(G69="",J69=""),"",J69-G69)
A70: C0069 | B70: Vivaan Khanna | C70: vivaan.khanna.69@example.com | D70: Software Engineering Intern | E70: Company Website | F70: Recruiter A | G70: 46221 | H70: 46224 | I70: 46227 | K70: Interviewed | L70: Rejected | N70: =IFERROR(MATCH(K70,Lists!$A$2:$A$6,0),"") -> 3 | O70: =IF(OR(G70="",H70=""),"",H70-G70) -> 3 | P70: =IF(OR(G70="",J70=""),"",J70-G70)
A71: C0070 | B71: Aditya Sharma | C71: aditya.sharma.70@example.com | D71: Software Engineering Intern | E71: LinkedIn | F71: Recruiter C | G71: 46247 | H71: 46254 | I71: 46262 | J71: 46269 | K71: Joined | L71: Joined | N71: =IFERROR(MATCH(K71,Lists!$A$2:$A$6,0),"") -> 5 | O71: =IF(OR(G71="",H71=""),"",H71-G71) -> 7 | P71: =IF(OR(G71="",J71=""),"",J71-G71) -> 22
A72: C0071 | B72: Anaya Verma | C72: anaya.verma.71@example.com | D72: Operations Intern | E72: Employee Referral | F72: Recruiter A | G72: 46212 | H72: 46214 | I72: 46216 | K72: Interviewed | L72: In Progress | N72: =IFERROR(MATCH(K72,Lists!$A$2:$A$6,0),"") -> 3 | O72: =IF(OR(G72="",H72=""),"",H72-G72) -> 2 | P72: =IF(OR(G72="",J72=""),"",J72-G72)
A73: C0072 | B73: Ishaan Malik | C73: ishaan.malik.72@example.com | D73: Marketing Intern | E73: Employee Referral | F73: Recruiter B | G73: 46227 | H73: 46235 | K73: Screened | L73: In Progress | N73: =IFERROR(MATCH(K73,Lists!$A$2:$A$6,0),"") -> 2 | O73: =IF(OR(G73="",H73=""),"",H73-G73) -> 8 | P73: =IF(OR(G73="",J73=""),"",J73-G73)
A74: C0073 | B74: Rohan Nair | C74: rohan.nair.73@example.com | D74: Marketing Intern | E74: Employee Referral | F74: Recruiter C | G74: 46240 | K74: Applied | L74: Withdrawn | N74: =IFERROR(MATCH(K74,Lists!$A$2:$A$6,0),"") -> 1 | O74: =IF(OR(G74="",H74=""),"",H74-G74) | P74: =IF(OR(G74="",J74=""),"",J74-G74)
A75: C0074 | B75: Kiara Khanna | C75: kiara.khanna.74@example.com | D75: Software Engineering Intern | E75: Campus Drive | F75: Recruiter A | G75: 46249 | H75: 46254 | K75: Screened | L75: In Progress | N75: =IFERROR(MATCH(K75,Lists!$A$2:$A$6,0),"") -> 2 | O75: =IF(OR(G75="",H75=""),"",H75-G75) -> 5 | P75: =IF(OR(G75="",J75=""),"",J75-G75)
A76: C0075 | B76: Arjun Chopra | C76: arjun.chopra.75@example.com | D76: Operations Intern | E76: Company Website | F76: Recruiter A | G76: 46233 | H76: 46240 | K76: Screened | L76: In Progress | N76: =IFERROR(MATCH(K76,Lists!$A$2:$A$6,0),"") -> 2 | O76: =IF(OR(G76="",H76=""),"",H76-G76) -> 7 | P76: =IF(OR(G76="",J76=""),"",J76-G76)
A77: C0076 | B77: Kiara Mehta | C77: kiara.mehta.76@example.com | D77: Finance Intern | E77: Campus Drive | F77: Recruiter B | G77: 46207 | H77: 46213 | K77: Screened | L77: In Progress | N77: =IFERROR(MATCH(K77,Lists!$A$2:$A$6,0),"") -> 2 | O77: =IF(OR(G77="",H77=""),"",H77-G77) -> 6 | P77: =IF(OR(G77="",J77=""),"",J77-G77)
A78: C0077 | B78: Mira Sharma | C78: mira.sharma.77@example.com | D78: Operations Intern | E78: Job Portal | F78: Recruiter A | G78: 46198 | H78: 46200 | K78: Screened | L78: In Progress | N78: =IFERROR(MATCH(K78,Lists!$A$2:$A$6,0),"") -> 2 | O78: =IF(OR(G78="",H78=""),"",H78-G78) -> 2 | P78: =IF(OR(G78="",J78=""),"",J78-G78)
A79: C0078 | B79: Kiara Malik | C79: kiara.malik.78@example.com | D79: Operations Intern | E79: Employee Referral | F79: Recruiter B | G79: 46231 | H79: 46232 | I79: 46235 | K79: Interviewed | L79: In Progress | N79: =IFERROR(MATCH(K79,Lists!$A$2:$A$6,0),"") -> 3 | O79: =IF(OR(G79="",H79=""),"",H79-G79) -> 1 | P79: =IF(OR(G79="",J79=""),"",J79-G79)
A80: C0079 | B80: Aditya Iyer | C80: aditya.iyer.79@example.com | D80: Finance Intern | E80: Job Portal | F80: Recruiter C | G80: 46241 | H80: 46247 | K80: Screened | L80: Rejected | N80: =IFERROR(MATCH(K80,Lists!$A$2:$A$6,0),"") -> 2 | O80: =IF(OR(G80="",H80=""),"",H80-G80) -> 6 | P80: =IF(OR(G80="",J80=""),"",J80-G80)
A81: C0080 | B81: Dev Singh | C81: dev.singh.80@example.com | D81: Marketing Intern | E81: LinkedIn | F81: Recruiter C | G81: 46203 | H81: 46205 | K81: Screened | L81: Rejected | N81: =IFERROR(MATCH(K81,Lists!$A$2:$A$6,0),"") -> 2 | O81: =IF(OR(G81="",H81=""),"",H81-G81) -> 2 | P81: =IF(OR(G81="",J81=""),"",J81-G81)
A82: C0081 | B82: Isha Mehta | C82: isha.mehta.81@example.com | D82: Finance Intern | E82: Company Website | F82: Recruiter C | G82: 46235 | K82: Applied | L82: In Progress | N82: =IFERROR(MATCH(K82,Lists!$A$2:$A$6,0),"") -> 1 | O82: =IF(OR(G82="",H82=""),"",H82-G82) | P82: =IF(OR(G82="",J82=""),"",J82-G82)
A83: C0082 | B83: Zoya Singh | C83: zoya.singh.82@example.com | D83: Software Engineering Intern | E83: Job Portal | F83: Recruiter C | G83: 46198 | H83: 46203 | I83: 46208 | J83: 46212 | K83: Joined | L83: Joined | N83: =IFERROR(MATCH(K83,Lists!$A$2:$A$6,0),"") -> 5 | O83: =IF(OR(G83="",H83=""),"",H83-G83) -> 5 | P83: =IF(OR(G83="",J83=""),"",J83-G83) -> 14
A84: C0083 | B84: Mira Gupta | C84: mira.gupta.83@example.com | D84: Software Engineering Intern | E84: Employee Referral | F84: Recruiter B | G84: 46180 | K84: Applied | L84: Rejected | N84: =IFERROR(MATCH(K84,Lists!$A$2:$A$6,0),"") -> 1 | O84: =IF(OR(G84="",H84=""),"",H84-G84) | P84: =IF(OR(G84="",J84=""),"",J84-G84)
A85: C0084 | B85: Meera Reddy | C85: meera.reddy.84@example.com | D85: Operations Intern | E85: Job Portal | F85: Recruiter A | G85: 46210 | K85: Applied | L85: Rejected | N85: =IFERROR(MATCH(K85,Lists!$A$2:$A$6,0),"") -> 1 | O85: =IF(OR(G85="",H85=""),"",H85-G85) | P85: =IF(OR(G85="",J85=""),"",J85-G85)
A86: C0085 | B86: Arjun Reddy | C86: arjun.reddy.85@example.com | D86: Finance Intern | E86: Employee Referral | F86: Recruiter A | G86: 46182 | H86: 46189 | K86: Screened | L86: Rejected | N86: =IFERROR(MATCH(K86,Lists!$A$2:$A$6,0),"") -> 2 | O86: =IF(OR(G86="",H86=""),"",H86-G86) -> 7 | P86: =IF(OR(G86="",J86=""),"",J86-G86)
A87: C0086 | B87: Rohan Gupta | C87: rohan.gupta.86@example.com | D87: Operations Intern | E87: Employee Referral | F87: Recruiter C | G87: 46212 | H87: 46214 | I87: 46219 | K87: Interviewed | L87: In Progress | N87: =IFERROR(MATCH(K87,Lists!$A$2:$A$6,0),"") -> 3 | O87: =IF(OR(G87="",H87=""),"",H87-G87) -> 2 | P87: =IF(OR(G87="",J87=""),"",J87-G87)
A88: C0087 | B88: Anaya Kapoor | C88: anaya.kapoor.87@example.com | D88: Finance Intern | E88: Company Website | F88: Recruiter B | G88: 46231 | H88: 46239 | K88: Screened | L88: In Progress | N88: =IFERROR(MATCH(K88,Lists!$A$2:$A$6,0),"") -> 2 | O88: =IF(OR(G88="",H88=""),"",H88-G88) -> 8 | P88: =IF(OR(G88="",J88=""),"",J88-G88)
A89: C0088 | B89: Aditya Rao | C89: aditya.rao.88@example.com | D89: Software Engineering Intern | E89: Employee Referral | F89: Recruiter B | G89: 46186 | K89: Applied | L89: Withdrawn | N89: =IFERROR(MATCH(K89,Lists!$A$2:$A$6,0),"") -> 1 | O89: =IF(OR(G89="",H89=""),"",H89-G89) | P89: =IF(OR(G89="",J89=""),"",J89-G89)
A90: C0089 | B90: Kabir Gupta | C90: kabir.gupta.89@example.com | D90: Data Analyst Intern | E90: Job Portal | F90: Recruiter C | G90: 46244 | K90: Applied | L90: In Progress | N90: =IFERROR(MATCH(K90,Lists!$A$2:$A$6,0),"") -> 1 | O90: =IF(OR(G90="",H90=""),"",H90-G90) | P90: =IF(OR(G90="",J90=""),"",J90-G90)
A91: C0090 | B91: Zoya Khanna | C91: zoya.khanna.90@example.com | D91: Marketing Intern | E91: Campus Drive | F91: Recruiter B | G91: 46203 | K91: Applied | L91: In Progress | N91: =IFERROR(MATCH(K91,Lists!$A$2:$A$6,0),"") -> 1 | O91: =IF(OR(G91="",H91=""),"",H91-G91) | P91: =IF(OR(G91="",J91=""),"",J91-G91)
A92: C0091 | B92: Kabir Malik | C92: kabir.malik.91@example.com | D92: Finance Intern | E92: Employee Referral | F92: Recruiter A | G92: 46207 | K92: Applied | L92: Rejected | N92: =IFERROR(MATCH(K92,Lists!$A$2:$A$6,0),"") -> 1 | O92: =IF(OR(G92="",H92=""),"",H92-G92) | P92: =IF(OR(G92="",J92=""),"",J92-G92)
A93: C0092 | B93: Riya Verma | C93: riya.verma.92@example.com | D93: Data Analyst Intern | E93: LinkedIn | F93: Recruiter B | G93: 46193 | H93: 46198 | K93: Screened | L93: Rejected | N93: =IFERROR(MATCH(K93,Lists!$A$2:$A$6,0),"") -> 2 | O93: =IF(OR(G93="",H93=""),"",H93-G93) -> 5 | P93: =IF(OR(G93="",J93=""),"",J93-G93)
A94: C0093 | B94: Zoya Joshi | C94: zoya.joshi.93@example.com | D94: Operations Intern | E94: Company Website | F94: Recruiter C | G94: 46210 | H94: 46218 | I94: 46221 | J94: 46226 | K94: Offered | L94: Rejected | N94: =IFERROR(MATCH(K94,Lists!$A$2:$A$6,0),"") -> 4 | O94: =IF(OR(G94="",H94=""),"",H94-G94) -> 8 | P94: =IF(OR(G94="",J94=""),"",J94-G94) -> 16
A95: C0094 | B95: Mira Khanna | C95: mira.khanna.94@example.com | D95: Finance Intern | E95: LinkedIn | F95: Recruiter A | G95: 46179 | H95: 46186 | K95: Screened | L95: Rejected | N95: =IFERROR(MATCH(K95,Lists!$A$2:$A$6,0),"") -> 2 | O95: =IF(OR(G95="",H95=""),"",H95-G95) -> 7 | P95: =IF(OR(G95="",J95=""),"",J95-G95)
A96: C0095 | B96: Anaya Malik | C96: anaya.malik.95@example.com | D96: Software Engineering Intern | E96: Job Portal | F96: Recruiter C | G96: 46247 | H96: 46248 | I96: 46254 | J96: 46260 | K96: Offered | L96: In Progress | N96: =IFERROR(MATCH(K96,Lists!$A$2:$A$6,0),"") -> 4 | O96: =IF(OR(G96="",H96=""),"",H96-G96) -> 1 | P96: =IF(OR(G96="",J96=""),"",J96-G96) -> 13
A97: C0096 | B97: Dev Chopra | C97: dev.chopra.96@example.com | D97: Operations Intern | E97: Company Website | F97: Recruiter B | G97: 46248 | K97: Applied | L97: Rejected | N97: =IFERROR(MATCH(K97,Lists!$A$2:$A$6,0),"") -> 1 | O97: =IF(OR(G97="",H97=""),"",H97-G97) | P97: =IF(OR(G97="",J97=""),"",J97-G97)
A98: C0097 | B98: Tara Nair | C98: tara.nair.97@example.com | D98: Operations Intern | E98: LinkedIn | F98: Recruiter B | G98: 46187 | H98: 46190 | K98: Screened | L98: In Progress | N98: =IFERROR(MATCH(K98,Lists!$A$2:$A$6,0),"") -> 2 | O98: =IF(OR(G98="",H98=""),"",H98-G98) -> 3 | P98: =IF(OR(G98="",J98=""),"",J98-G98)
A99: C0098 | B99: Mira Sharma | C99: mira.sharma.98@example.com | D99: Operations Intern | E99: Company Website | F99: Recruiter A | G99: 46214 | H99: 46219 | K99: Screened | L99: In Progress | N99: =IFERROR(MATCH(K99,Lists!$A$2:$A$6,0),"") -> 2 | O99: =IF(OR(G99="",H99=""),"",H99-G99) -> 5 | P99: =IF(OR(G99="",J99=""),"",J99-G99)
A100: C0099 | B100: Mira Khanna | C100: mira.khanna.99@example.com | D100: Operations Intern | E100: Employee Referral | F100: Recruiter A | G100: 46198 | H100: 46204 | K100: Screened | L100: Rejected | N100: =IFERROR(MATCH(K100,Lists!$A$2:$A$6,0),"") -> 2 | O100: =IF(OR(G100="",H100=""),"",H100-G100) -> 6 | P100: =IF(OR(G100="",J100=""),"",J100-G100)
...

Sheet Read Me
A1: Recruitment Tracker: how to use
A3: Candidates sheet
A4: Blue text (columns A to M) is typed by the recruiter. Black text (columns N to P) is calculated. Do not overwrite black cells.
A5: Role, Source, Recruiter, Stage and Outcome use dropdown lists. Edit the allowed values on the Lists sheet.
A6: Stage = the furthest stage the candidate has reached. Outcome = the current status (In Progress, Rejected, Withdrawn, Joined).
A7: Add new candidates in the next empty row. Formulas and dropdowns are ready down to row 500.
A8: Amber Days to Screen means the candidate waited longer than the SLA set on the Dashboard (cell B4).
A10: Dashboard sheet
A11: Every number is a formula. Nothing needs refreshing. Yellow cell B4 is the only editable assumption.
A13: About the data
A14: All 120 candidates are synthetic (fictional names, example.com emails). Generated by src/generate_sample_data.py.

Sheet Lists
A1: Stage | B1: Outcome | C1: Role | D1: Source | E1: Recruiter
A2: Applied | B2: In Progress | C2: Data Analyst Intern | D2: LinkedIn | E2: Recruiter A
A3: Screened | B3: Rejected | C3: Software Engineering Intern | D3: Job Portal | E3: Recruiter B
A4: Interviewed | B4: Withdrawn | C4: Marketing Intern | D4: Employee Referral | E4: Recruiter C
A5: Offered | B5: Joined | C5: Operations Intern | D5: Campus Drive
A6: Joined | C6: Finance Intern | D6: Company Website
